amateur##amod,amateur##amod



features##dobj







pictures##dobj

amount##prep,options##prep,power##prep

nikon##prep
clarity##prep,camera##amod
year##prep

terms##prep





nikon##nsubj



i##nsubj,xp##prep,win98##prep,charger##prep




orange##prep



presets##nsubj,features##prep


correct##nsubj
pics##nsubj


nikon##amod,compact##nsubj,nikon##amod,compact##nsubj,nikon##amod
time##prep




controls##dobj



settings##prep,settings##prep

camper##nsubj,money##prep,camera##nsubj








scenes##prep



pictures##prep








assist##dobj,shots##dobj,situations##prep






picture##prep,pixel##amod


lots##prep
digital##amod,digital##amod
pictures##prep



images##dobj,pc##prep
i##nsubj,contrast##prep,color##prep,flashes##prep


shoot##dobj

camera##nsubj




i##nsubj


settings##prep
flash##prep

shots##prep


performance##prep,journey##prep,pixel##nsubj,gem##prep

sheer##prep,array##dobj,telephoto##prep,lenses##prep,cake##prep
range##prep
optics##prep



pics##dobj


camera##nsubj

pix##prep

i##nsubj
camera##prep



line##nsubj,parts##dobj



features##nsubj






quality##prep,package##prep

opinion##prep,money##prep
